,Date,Crimes
0,2012-01-01,898.8294203022282
1,2012-01-02,894.0355912234269
2,2012-01-03,889.3783206867652
3,2012-01-04,884.8576086922432
4,2012-01-05,880.4734552398608
5,2012-01-06,876.225860329618
6,2012-01-07,872.1148239615148
7,2012-01-08,868.1403461355515
8,2012-01-09,864.3024268517275
9,2012-01-10,860.6010661100433
10,2012-01-11,857.0362639104989
11,2012-01-12,853.608020253094
12,2012-01-13,850.3163351378287
13,2012-01-14,847.1612085647031
14,2012-01-15,844.1426405337171
15,2012-01-16,841.2606310448707
16,2012-01-17,838.515180098164
17,2012-01-18,835.9062876935969
18,2012-01-19,833.4339538311696
19,2012-01-20,831.0981785108818
20,2012-01-21,828.8989617327336
21,2012-01-22,826.8363034967251
22,2012-01-23,824.9102038028564
23,2012-01-24,823.1206626511271
24,2012-01-25,821.4676800415375
25,2012-01-26,819.9512559740715
26,2012-01-27,835.9158757842595
27,2012-01-28,830.0587555776863
28,2012-01-29,829.3768148768775
29,2012-01-30,829.1619515730655
30,2012-01-31,830.6814423882595
31,2012-02-01,835.4140071122623
32,2012-02-02,835.9433056241197
33,2012-02-03,832.703639946528
34,2012-02-04,832.846247933119
35,2012-02-05,829.9889012208492
36,2012-02-06,832.3380824027558
37,2012-02-07,833.552424743466
38,2012-02-08,834.795601259355
39,2012-02-09,835.9262270945949
40,2012-02-10,831.5406011461023
41,2012-02-11,828.8580941810521
42,2012-02-12,828.1510792996279
43,2012-02-13,825.3702235611061
44,2012-02-14,823.4206210786036
45,2012-02-15,821.480826292765
46,2012-02-16,816.6013273233659
47,2012-02-17,809.857935627065
48,2012-02-18,807.3426351672585
49,2012-02-19,805.5485288454844
50,2012-02-20,808.0011778296064
51,2012-02-21,807.4001449636297
52,2012-02-22,812.6747378196399
53,2012-02-23,813.129651860728
54,2012-02-24,813.842986251088
55,2012-02-25,814.4841559265054
56,2012-02-26,822.0506013726082
57,2012-02-27,833.1392557022642
58,2012-02-28,842.6362318512142
59,2012-02-29,853.5644748465255
60,2012-03-01,864.6755532401468
61,2012-03-02,871.0214274388828
62,2012-03-03,876.2612969716015
63,2012-03-04,883.1132075471522
64,2012-03-05,888.9360800923965
65,2012-03-06,896.9162608439424
66,2012-03-07,899.8838478787563
67,2012-03-08,905.1634918118011
68,2012-03-09,907.8791365602665
69,2012-03-10,910.4252191442433
70,2012-03-11,913.0121180547509
71,2012-03-12,919.2174681193048
72,2012-03-13,921.8600874311807
73,2012-03-14,932.6508867697837
74,2012-03-15,933.7866769349062
75,2012-03-16,937.0120274524719
76,2012-03-17,935.0472264377264
77,2012-03-18,936.3784230673215
78,2012-03-19,938.6729937257735
79,2012-03-20,938.4676436612195
80,2012-03-21,936.0515753471014
81,2012-03-22,934.7555097510517
82,2012-03-23,930.0708736324534
83,2012-03-24,929.5998097351963
84,2012-03-25,928.6285986092365
85,2012-03-26,928.3696572968627
86,2012-03-27,933.9828988198869
87,2012-03-28,936.6011234682367
88,2012-03-29,932.1606151894537
89,2012-03-30,927.4106774785199
90,2012-03-31,920.3234501347525
91,2012-04-01,918.8762599379193
92,2012-04-02,916.9387981607556
93,2012-04-03,916.6855194907969
94,2012-04-04,919.3730095811728
95,2012-04-05,917.6577045912524
96,2012-04-06,907.8270629006139
97,2012-04-07,902.9538607895807
98,2012-04-08,899.3627262225465
99,2012-04-09,894.9416974336726
100,2012-04-10,895.4144827742239
101,2012-04-11,897.9296926317519
102,2012-04-12,900.3427031189656
103,2012-04-13,897.6645224127209
104,2012-04-14,898.6845228657322
105,2012-04-15,902.2953407778026
106,2012-04-16,906.8410383020953
107,2012-04-17,911.287934041523
108,2012-04-18,919.0743391696119
109,2012-04-19,919.3972456907107
110,2012-04-20,918.5679403836824
111,2012-04-21,918.7953974042263
112,2012-04-22,919.6726313166594
113,2012-04-23,921.1168995900064
114,2012-04-24,925.1967654986339
115,2012-04-25,928.5142811841533
116,2012-04-26,931.9120478379846
117,2012-04-27,936.7613762485942
118,2012-04-28,933.5443611406641
119,2012-04-29,933.6433894312256
120,2012-04-30,931.786495730349
121,2012-05-01,935.2988969172391
122,2012-05-02,938.5507033001693
123,2012-05-03,941.1768329973313
124,2012-05-04,937.7122018618581
125,2012-05-05,940.436657681922
126,2012-05-06,945.0014496364395
127,2012-05-07,940.5272599605693
128,2012-05-08,944.5472604135806
129,2012-05-09,947.5625495481024
130,2012-05-10,951.1724614373862
131,2012-05-11,956.7154408933195
132,2012-05-12,958.9697388389128
133,2012-05-13,963.1158576638011
134,2012-05-14,961.5853360211818
135,2012-05-15,964.8699404289828
136,2012-05-16,968.3246053138043
137,2012-05-17,968.8391130036728
138,2012-05-18,967.1300595709789
139,2012-05-19,969.0945208271794
140,2012-05-20,972.7069922308351
141,2012-05-21,974.9416068313924
142,2012-05-22,977.2944574055844
143,2012-05-23,983.9505764569783
144,2012-05-24,984.3195768873392
145,2012-05-25,983.7652947971447
146,2012-05-26,981.859974178331
147,2012-05-27,986.8262474801045
148,2012-05-28,989.0312577861135
149,2012-05-29,991.1430383473946
150,2012-05-30,996.787152596868
151,2012-05-31,1003.3789893315618
152,2012-06-01,1006.2135948718909
153,2012-06-02,1009.672133004125
154,2012-06-03,1017.6687807198149
155,2012-06-04,1021.1288590907859
156,2012-06-05,1023.5355047679244
157,2012-06-06,1023.5198079231487
158,2012-06-07,1025.615710435097
159,2012-06-08,1023.7649776891685
160,2012-06-09,1027.3045595596525
161,2012-06-10,1032.942694058735
162,2012-06-11,1035.2431991664382
163,2012-06-12,1036.4841785770707
164,2012-06-13,1037.5300006794964
165,2012-06-14,1037.8573240616795
166,2012-06-15,1038.9216969806585
167,2012-06-16,1038.1285193322406
168,2012-06-17,1038.301954744141
169,2012-06-18,1040.764728532902
170,2012-06-19,1042.8483997372327
171,2012-06-20,1045.070828331312
172,2012-06-21,1046.1141588710748
173,2012-06-22,1046.2705157534506
174,2012-06-23,1049.6610568755596
175,2012-06-24,1056.2395750752921
176,2012-06-25,1054.8640512808688
177,2012-06-26,1048.5014383111527
178,2012-06-27,1055.5980882918996
179,2012-06-28,1054.67575709527
180,2012-06-29,1055.0221522571082
181,2012-06-30,1053.2079322294749
182,2012-07-01,1050.8669732043552
183,2012-07-02,1048.2603682982422
184,2012-07-03,1044.46143740513
185,2012-07-04,1045.205032956558
186,2012-07-05,1044.5899567373913
187,2012-07-06,1044.23703821149
188,2012-07-07,1040.8196108631926
189,2012-07-08,1040.5656753267137
190,2012-07-09,1039.0309859792767
191,2012-07-10,1036.3865093206887
192,2012-07-11,1037.605698883306
193,2012-07-12,1037.9627398128857
194,2012-07-13,1034.7019638043691
195,2012-07-14,1033.8973249677024
196,2012-07-15,1031.9392964732858
197,2012-07-16,1032.8697365738542
198,2012-07-17,1030.1389159437156
199,2012-07-18,1030.8465423905207
200,2012-07-19,1034.023194183313
201,2012-07-20,1032.8679245282815
202,2012-07-21,1025.5183582866905
203,2012-07-22,1021.1886792452627
204,2012-07-23,1018.3549570771503
205,2012-07-24,1011.3417291444679
206,2012-07-25,1008.3569050261414
207,2012-07-26,1005.344877573651
208,2012-07-27,1006.4521280209999
209,2012-07-28,1004.8907110013615
210,2012-07-29,999.4175179505564
211,2012-07-30,993.9366916577756
212,2012-07-31,986.6261749982815
213,2012-08-01,984.9618564406697
214,2012-08-02,984.1254615053373
215,2012-08-03,982.7315907494877
216,2012-08-04,980.8282633808044
217,2012-08-05,979.5071689052784
218,2012-08-06,975.1400031710602
219,2012-08-07,967.4204851751829
220,2012-08-08,969.6836621440838
221,2012-08-09,971.2149312555017
222,2012-08-10,974.226641600017
223,2012-08-11,974.7421006138111
224,2012-08-12,971.0371922353655
225,2012-08-13,968.3117624408061
226,2012-08-14,963.0130920292454
227,2012-08-15,964.4708826926804
228,2012-08-16,966.7443203696381
229,2012-08-17,965.447076943966
230,2012-08-18,963.3838818546095
231,2012-08-19,962.4275748034872
232,2012-08-20,958.8812657138135
233,2012-08-21,954.2442184420748
234,2012-08-22,955.0702394165023
235,2012-08-23,955.9883349566052
236,2012-08-24,957.9786178622202
237,2012-08-25,956.8834854696404
238,2012-08-26,953.5073954109755
239,2012-08-27,952.8553761126902
240,2012-08-28,954.2583976986832
241,2012-08-29,958.1702416815593
242,2012-08-30,958.9763981063933
243,2012-08-31,957.0110987791152
244,2012-09-01,954.7202654646574
245,2012-09-02,954.7644114249284
246,2012-09-03,951.0775555505033
247,2012-09-04,946.9447099594365
248,2012-09-05,944.9964212099746
249,2012-09-06,940.347776846569
250,2012-09-07,938.7547169811135
251,2012-09-08,934.1511699019045
252,2012-09-09,933.1158576638019
253,2012-09-10,934.1759496251145
254,2012-09-11,934.6664477111415
255,2012-09-12,936.3007769145208
256,2012-09-13,934.4546648848033
257,2012-09-14,931.5297741738021
258,2012-09-15,925.1360619719403
259,2012-09-16,922.072776280305
260,2012-09-17,915.0623570182607
261,2012-09-18,914.848490339514
262,2012-09-19,915.4991959047587
263,2012-09-20,915.7827583863552
264,2012-09-21,913.2432218170104
265,2012-09-22,908.0810890393714
266,2012-09-23,906.3000520962923
267,2012-09-24,903.3640399555869
268,2012-09-25,899.4297039570367
269,2012-09-26,899.5122426328843
270,2012-09-27,907.4183560216359
271,2012-09-28,906.1900835805841
272,2012-09-29,901.2729393644072
273,2012-09-30,902.0168520238105
274,2012-10-01,897.7682846723417
275,2012-10-02,901.2343201431338
276,2012-10-03,904.0204987655259
277,2012-10-04,907.341593241052
278,2012-10-05,907.1613400076834
279,2012-10-06,903.6026863575439
280,2012-10-07,898.3155450859412
281,2012-10-08,898.2632222700222
282,2012-10-09,899.7553738476345
283,2012-10-10,906.4182654193572
284,2012-10-11,908.9110059117806
285,2012-10-12,911.0580987111642
286,2012-10-13,910.3095426849803
287,2012-10-14,907.7401300142519
288,2012-10-15,903.2443769960636
289,2012-10-16,900.2756347821969
290,2012-10-17,902.8620806813111
291,2012-10-18,904.1974676662938
292,2012-10-19,902.5985186527262
293,2012-10-20,900.9266121542777
294,2012-10-21,897.8618768261844
295,2012-10-22,895.8035969104446
296,2012-10-23,892.8769168044398
297,2012-10-24,894.7927925887158
298,2012-10-25,896.0728668825843
299,2012-10-26,892.798477881701
300,2012-10-27,896.2024054904803
301,2012-10-28,902.0858909601399
302,2012-10-29,903.843733719885
303,2012-10-30,902.5943509479085
304,2012-10-31,902.8659539287233
305,2012-11-01,899.8701669346805
306,2012-11-02,894.4957983193101
307,2012-11-03,890.9257740832004
308,2012-11-04,885.4699087181867
309,2012-11-05,880.5339871797601
310,2012-11-06,872.2187818523462
311,2012-11-07,873.2096310222028
312,2012-11-08,869.185236358677
313,2012-11-09,865.3869623320854
314,2012-11-10,865.6117239348398
315,2012-11-11,863.5103852861728
316,2012-11-12,863.4252191442442
317,2012-11-13,864.9998187954254
318,2012-11-14,868.0428322272134
319,2012-11-15,869.0165802169752
320,2012-11-16,869.8561009309211
321,2012-11-17,865.680762871169
322,2012-11-18,866.0349271784014
323,2012-11-19,866.2855557317093
324,2012-11-20,864.9675870347968
325,2012-11-21,868.8843914924287
326,2012-11-22,868.5693900201417
327,2012-11-23,866.3288636209029
328,2012-11-24,863.246075788789
329,2012-11-25,862.4456499580792
330,2012-11-26,865.4178350585344
331,2012-11-27,873.2527124056996
332,2012-11-28,876.4202360189186
333,2012-11-29,876.7307073772731
334,2012-11-30,878.6297084871511
335,2012-12-01,880.4521280210023
336,2012-12-02,876.2630863666047
337,2012-12-03,869.1631747038266
338,2012-12-04,862.9003374934708
339,2012-12-05,864.0086525175936
340,2012-12-06,863.6498221930109
341,2012-12-07,845.5280980316486
342,2012-12-08,842.3822510135961
343,2012-12-09,838.7759179143188
344,2012-12-10,832.915105664891
345,2012-12-11,832.6343518539326
346,2012-12-12,834.9160116876774
347,2012-12-13,831.6896645450466
348,2012-12-14,829.542231987118
349,2012-12-15,824.3249903734915
350,2012-12-16,822.5159573263104
351,2012-12-17,818.7797685111618
352,2012-12-18,812.2472083172731
353,2012-12-19,809.9093071190581
354,2012-12-20,807.457201748608
355,2012-12-21,801.2032435615597
356,2012-12-22,794.7641169675259
357,2012-12-23,787.9880631497725
358,2012-12-24,780.8172778545226
359,2012-12-25,777.3572900858302
360,2012-12-26,782.4461256200437
361,2012-12-27,790.152868694632
362,2012-12-28,791.1130716437362
363,2012-12-29,791.7106389725544
364,2012-12-30,790.6944211646766
365,2012-12-31,789.8069944958959
366,2013-01-01,790.5867177059347
367,2013-01-02,794.8698724772771
368,2013-01-03,789.9207456567377
369,2013-01-04,784.9145167500806
370,2013-01-05,784.5201929828379
371,2013-01-06,786.5664907472266
372,2013-01-07,787.9140410881178
373,2013-01-08,790.6512038777619
374,2013-01-09,801.7004009150671
375,2013-01-10,805.7878094633919
376,2013-01-11,806.0202043081224
377,2013-01-12,806.464631135457
378,2013-01-13,809.998391809538
379,2013-01-14,812.7644340755007
380,2013-01-15,815.1195950077982
381,2013-01-16,817.1893361117869
382,2013-01-17,817.6075335794534
383,2013-01-18,817.8998391809392
384,2013-01-19,814.2658044349654
385,2013-01-20,807.3832702892317
386,2013-01-21,797.0098756483567
387,2013-01-22,794.7342182155724
388,2013-01-23,796.6074429771751
389,2013-01-24,794.9477224852047
390,2013-01-25,790.0321411583344
391,2013-01-26,784.8455231148909
392,2013-01-27,797.4962739812747
393,2013-01-28,795.0440100568371
394,2013-01-29,794.6636616910757
395,2013-01-30,797.3290674760312
396,2013-01-31,795.1214297039412
397,2013-02-01,792.0976692563661
398,2013-02-02,787.7843665768038
399,2013-02-03,782.3532582844302
400,2013-02-04,776.241228566883
401,2013-02-05,776.622482955431
402,2013-02-06,780.4640195700767
403,2013-02-07,777.3653763391994
404,2013-02-08,775.7789077895154
405,2013-02-09,773.5861967428328
406,2013-02-10,771.0931164918644
407,2013-02-11,767.6213504269481
408,2013-02-12,766.657319531571
409,2013-02-13,772.817662914207
410,2013-02-14,774.5916102289818
411,2013-02-15,770.3487281704981
412,2013-02-16,765.6989512786095
413,2013-02-17,760.966567759164
414,2013-02-18,758.4586740356369
415,2013-02-19,759.9864549593271
416,2013-02-20,762.4391265940187
417,2013-02-21,763.5437495752867
418,2013-02-22,762.3581734580472
419,2013-02-23,766.6726992683713
420,2013-02-24,772.5480984846618
421,2013-02-25,774.6164126027616
422,2013-02-26,776.4305646786862
423,2013-02-27,781.8878570295886
424,2013-02-28,784.3059638949765
425,2013-03-01,781.1228340392605
426,2013-03-02,781.1188022378608
427,2013-03-03,781.210695598979
428,2013-03-04,781.7452490429978
429,2013-03-05,780.6779315499629
430,2013-03-06,784.6211465718206
431,2013-03-07,783.4806903893477
432,2013-03-08,784.70558789552
433,2013-03-09,786.2659403383839
434,2013-03-10,785.7976851117651
435,2013-03-11,789.2880925955131
436,2013-03-12,792.7225758227662
437,2013-03-13,802.0781897664566
438,2013-03-14,801.711794151607
439,2013-03-15,803.2526671045615
440,2013-03-16,805.6391311241317
441,2013-03-17,808.8262248295384
442,2013-03-18,809.4286620308341
443,2013-03-19,812.5430247570565
444,2013-03-20,815.7703685247523
445,2013-03-21,816.3277990441297
446,2013-03-22,815.2665745543338
447,2013-03-23,819.9190468640123
448,2013-03-24,818.8892613649072
449,2013-03-25,820.4831366508704
450,2013-03-26,822.8885138961082
451,2013-03-27,831.7342182155716
452,2013-03-28,830.376792226308
453,2013-03-29,831.6410564225524
454,2013-03-30,831.3798274026426
455,2013-03-31,828.5328546512781
456,2013-04-01,823.8409250492487
457,2013-04-02,825.2485673514525
458,2013-04-03,830.4741670252841
459,2013-04-04,831.536003080461
460,2013-04-05,829.5754603728119
461,2013-04-06,823.1812951595568
462,2013-04-07,828.0244626152182
463,2013-04-08,830.1096514077165
464,2013-04-09,832.8498040725559
465,2013-04-10,839.3866452241107
466,2013-04-11,843.1124600783543
467,2013-04-12,844.2953634283733
468,2013-04-13,844.6073523748954
469,2013-04-14,847.9885388117343
470,2013-04-15,849.2816371831583
471,2013-04-16,851.7568914358028
472,2013-04-17,856.9570092187648
473,2013-04-18,857.8091689505819
474,2013-04-19,858.4004167704647
475,2013-04-20,854.3210265238
476,2013-04-21,852.9948130195305
477,2013-04-22,851.3058279915571
478,2013-04-23,852.6434573829362
479,2013-04-24,858.0147228702631
480,2013-04-25,860.2465741013216
481,2013-04-26,860.4300890167217
482,2013-04-27,866.4188996353085
483,2013-04-28,871.5160252780184
484,2013-04-29,873.249609277656
485,2013-04-30,881.0134091372224
486,2013-05-01,889.448775736692
487,2013-05-02,894.5717683299558
488,2013-05-03,896.2921243969107
489,2013-05-04,899.2010917574398
490,2013-05-05,898.9369634646132
491,2013-05-06,899.9729778703756
492,2013-05-07,896.5240662302479
493,2013-05-08,903.1779655258149
494,2013-05-09,905.013386486652
495,2013-05-10,907.8138802690706
496,2013-05-11,909.4443815261774
497,2013-05-12,909.8915717230107
498,2013-05-13,908.2649437133163
499,2013-05-14,906.9027158032844
500,2013-05-15,909.2551360166528
501,2013-05-16,908.0353122380847
502,2013-05-17,906.1504224331062
503,2013-05-18,908.5211216561916
504,2013-05-19,903.5865138508053
505,2013-05-20,900.0652562911778
506,2013-05-21,899.1776031167007
507,2013-05-22,899.330675666475
508,2013-05-23,895.3869623320849
509,2013-05-24,891.9808149674786
510,2013-05-25,892.3443339599813
511,2013-05-26,889.4832046025781
512,2013-05-27,898.0276789961089
513,2013-05-28,896.7942195746043
514,2013-05-29,898.6427552152758
515,2013-05-30,902.3022039004102
516,2013-05-31,900.5025934902083
517,2013-06-01,898.8255000113073
518,2013-06-02,900.3539151509481
519,2013-06-03,902.6623706086028
520,2013-06-04,901.2667784094591
521,2013-06-05,901.2786020068226
522,2013-06-06,895.4411424947159
523,2013-06-07,894.8456137171672
524,2013-06-08,895.645088223951
525,2013-06-09,894.7426895286237
526,2013-06-10,897.0878615597003
527,2013-06-11,901.1941380325535
528,2013-06-12,905.7045686198828
529,2013-06-13,909.875806926526
530,2013-06-14,910.9426940587374
531,2013-06-15,915.4048109809779
532,2013-06-16,918.7034360913993
533,2013-06-17,919.8229857980745
534,2013-06-18,918.8198600194611
535,2013-06-19,920.823212303771
536,2013-06-20,918.0880427642571
537,2013-06-21,916.5354594667874
538,2013-06-22,913.3026342612335
539,2013-06-23,912.1386894380213
540,2013-06-24,912.8286257899205
541,2013-06-25,914.3181725520215
542,2013-06-26,915.266506602623
543,2013-06-27,918.5108835987044
544,2013-06-28,917.7995877596138
545,2013-06-29,918.3138009920767
546,2013-06-30,918.4145960270719
547,2013-07-01,917.6621894040453
548,2013-07-02,921.6088246619219
549,2013-07-03,923.9461142947561
550,2013-07-04,926.3019320935737
551,2013-07-05,925.507667217812
552,2013-07-06,927.1528686946292
553,2013-07-07,922.4422523726289
554,2013-07-08,918.4439058642143
555,2013-07-09,916.7231647375748
556,2013-07-10,919.5316994722234
557,2013-07-11,921.0307594735825
558,2013-07-12,922.4182654193569
559,2013-07-13,925.1819973272144
560,2013-07-14,926.409952660291
561,2013-07-15,924.6524496590906
562,2013-07-16,924.3916510000042
563,2013-07-17,926.3002106502795
564,2013-07-18,926.1608190445805
565,2013-07-19,927.3827719766967
566,2013-07-20,926.7076490973564
567,2013-07-21,926.92441504902
568,2013-07-22,928.2265056965998
569,2013-07-23,926.6705248136807
570,2013-07-24,927.661056875562
571,2013-07-25,926.6349860698813
572,2013-07-26,925.9190695145799
573,2013-07-27,932.1271829486325
574,2013-07-28,931.7590658904886
575,2013-07-29,931.0920292645172
576,2013-07-30,931.2152710140476
577,2013-07-31,932.763596004421
578,2013-08-01,931.7025753697521
579,2013-08-02,932.4499762168832
580,2013-08-03,931.7205146209242
581,2013-08-04,931.4307232326707
582,2013-08-05,928.5818025323154
583,2013-08-06,928.9944506104144
584,2013-08-07,922.9461822464651
585,2013-08-08,922.6495730367436
586,2013-08-09,923.8277877188428
587,2013-08-10,928.0719155586577
588,2013-08-11,926.5463770413642
589,2013-08-12,926.4032027905317
590,2013-08-13,925.1722349316901
591,2013-08-14,924.9180955400843
592,2013-08-15,924.5757321796459
593,2013-08-16,923.0502163129219
594,2013-08-17,925.0486987247547
595,2013-08-18,925.1130716437335
596,2013-08-19,925.4805997870662
597,2013-08-20,925.9151509660286
598,2013-08-21,928.0385286189763
599,2013-08-22,928.6872182835212
600,2013-08-23,925.7678769620873
601,2013-08-24,922.7149878819268
602,2013-08-25,919.3481166051143
603,2013-08-26,911.4663299281796
604,2013-08-27,910.2275476228047
605,2013-08-28,911.9563976533827
606,2013-08-29,910.8556252689575
607,2013-08-30,906.3812543885299
608,2013-08-31,900.8891254614875
609,2013-09-01,897.5600806360102
610,2013-09-02,892.2525312011419
611,2013-09-03,887.6168882647223
612,2013-09-04,890.1558132686858
613,2013-09-05,891.4437699607968
614,2013-09-06,882.4174499988497
615,2013-09-07,882.9874062832505
616,2013-09-08,881.5397177738845
617,2013-09-09,878.9607918638978
618,2013-09-10,878.1654624113622
619,2013-09-11,880.3064622075069
620,2013-09-12,881.5757774807862
621,2013-09-13,879.9263176968727
622,2013-09-14,877.4638157149478
623,2013-09-15,876.7941063217565
624,2013-09-16,872.9102357924128
625,2013-09-17,871.4945751885488
626,2013-09-18,870.9665904097316
627,2013-09-19,871.1126186323413
628,2013-09-20,871.4364311762267
629,2013-09-21,870.9589345171858
630,2013-09-22,869.3380824027553
631,2013-09-23,866.323495435893
632,2013-09-24,864.020815873502
633,2013-09-25,862.495300006778
634,2013-09-26,858.1029468390959
635,2013-09-27,862.9416294819644
636,2013-09-28,863.0635121973146
637,2013-09-29,860.9135427755837
638,2013-09-30,855.346281908973
639,2013-10-01,855.1220412693208
640,2013-10-02,853.8326349407517
641,2013-10-03,850.7203787175077
642,2013-10-04,845.9145394006491
643,2013-10-05,842.019909850716
644,2013-10-06,837.4958209698808
645,2013-10-07,830.3464404629611
646,2013-10-08,829.8589549026992
647,2013-10-09,829.2765634555543
648,2013-10-10,826.1806382930366
649,2013-10-11,823.3265079616588
650,2013-10-12,819.6653151826606
651,2013-10-13,817.6317243878522
652,2013-10-14,813.4067362794015
653,2013-10-15,811.7585222768191
654,2013-10-16,813.5118802237715
655,2013-10-17,815.9553104260409
656,2013-10-18,813.202926453584
657,2013-10-19,808.6428231669865
658,2013-10-20,808.122901990969
659,2013-10-21,802.206369340173
660,2013-10-22,800.9280391401685
661,2013-10-23,803.6254501800561
662,2013-10-24,802.3461686561257
663,2013-10-25,796.7098009014768
664,2013-10-26,792.959296926302
665,2013-10-27,797.8171193005347
666,2013-10-28,797.9802713538088
667,2013-10-29,803.1757004688509
668,2013-10-30,809.1633332578155
669,2013-10-31,812.8987066524562
670,2013-11-01,808.656866520177
671,2013-11-02,807.9547894629391
672,2013-11-03,811.914199642105
673,2013-11-04,810.8008108903778
674,2013-11-05,810.917144216161
675,2013-11-06,808.5227524972094
676,2013-11-07,807.3735758454163
677,2013-11-08,803.2903123513397
678,2013-11-09,799.3235407370337
679,2013-11-10,798.4802600285238
680,2013-11-11,798.9839180955242
681,2013-11-12,800.425264445385
682,2013-11-13,803.9606333099117
683,2013-11-14,804.3550929805725
684,2013-11-15,804.6217581372011
685,2013-11-16,802.8614238147929
686,2013-11-17,799.2410926634645
687,2013-11-18,791.1638768714877
688,2013-11-19,787.3876418491769
689,2013-11-20,785.9527735622394
690,2013-11-21,778.9040748374669
691,2013-11-22,770.1805929918985
692,2013-11-23,764.0843733719752
693,2013-11-24,757.8278330199854
694,2013-11-25,749.9708940179697
695,2013-11-26,747.8086706380517
696,2013-11-27,750.0687671294784
697,2013-11-28,748.4674624566658
698,2013-11-29,750.8187274909816
699,2013-11-30,756.4049468843992
700,2013-12-01,755.7224172687792
701,2013-12-02,749.9115042243163
702,2013-12-03,743.7878321139628
703,2013-12-04,741.4290017893802
704,2013-12-05,738.8855466714843
705,2013-12-06,737.4539627171475
706,2013-12-07,719.4199189109462
707,2013-12-08,718.7597907087221
708,2013-12-09,718.7119753561659
709,2013-12-10,715.9148338580572
710,2013-12-11,722.5341004326115
711,2013-12-12,724.1890416543833
712,2013-12-13,720.7659743142398
713,2013-12-14,716.4689120931248
714,2013-12-15,712.0101474551943
715,2013-12-16,707.9636005345393
716,2013-12-17,704.0067725203148
717,2013-12-18,699.6092323721803
718,2013-12-19,688.5040204761015
719,2013-12-20,678.7981381231601
720,2013-12-21,668.5686878524862
721,2013-12-22,665.0604996715535
722,2013-12-23,657.7469931368644
723,2013-12-24,647.9132936193217
724,2013-12-25,645.5063987859166
725,2013-12-26,640.486285080057
726,2013-12-27,642.5489365557416
727,2013-12-28,641.9913474823765
728,2013-12-29,643.940134544371
729,2013-12-30,645.4863077306267
730,2013-12-31,645.1765611905012
731,2014-01-01,646.5735577249638
732,2014-01-02,646.8440961290048
733,2014-01-03,643.872817051336
734,2014-01-04,637.3044916079513
735,2014-01-05,630.6327663140602
736,2014-01-06,625.0632856916227
737,2014-01-07,619.2757706856205
738,2014-01-08,623.8471539559094
739,2014-01-09,621.5140546784628
740,2014-01-10,619.3634963419207
741,2014-01-11,621.7483295204751
742,2014-01-12,624.14652653513
743,2014-01-13,624.8049559446295
744,2014-01-14,629.8605404425797
745,2014-01-15,636.292056445207
746,2014-01-16,642.4346191306585
747,2014-01-17,648.8622845364431
748,2014-01-18,652.9085143491228
749,2014-01-19,651.6474438832007
750,2014-01-20,644.7275362975251
751,2014-01-21,644.0982355206105
752,2014-01-22,648.838320233741
753,2014-01-23,653.6701171034322
754,2014-01-24,657.2250787107166
755,2014-01-25,656.6203764524547
756,2014-01-26,655.4252870959574
757,2014-01-27,668.4248114339943
758,2014-01-28,667.2947745135659
759,2014-01-29,668.2544338489981
760,2014-01-30,669.2537543319081
761,2014-01-31,663.8317742191084
762,2014-02-01,655.3903825681086
763,2014-02-02,650.0133185349482
764,2014-02-03,645.3764298171973
765,2014-02-04,640.5849283109343
766,2014-02-05,641.0518471539433
767,2014-02-06,640.3533715372814
768,2014-02-07,639.4106548279561
769,2014-02-08,640.6249065663875
770,2014-02-09,639.4132596434673
771,2014-02-10,637.7089401798328
772,2014-02-11,637.4410518924425
773,2014-02-12,640.9997734942907
774,2014-02-13,637.2369702597894
775,2014-02-14,637.0653015923225
776,2014-02-15,639.6755758907209
777,2014-02-16,637.6440009966124
778,2014-02-17,633.8381163786144
779,2014-02-18,630.2954540306563
780,2014-02-19,635.111282248736
781,2014-02-20,637.8975061722676
782,2014-02-21,635.2736868332112
783,2014-02-22,633.0841695168508
784,2014-02-23,631.7818750141441
785,2014-02-24,634.4993997598913
786,2014-02-25,640.5846791546679
787,2014-02-26,649.6481234002905
788,2014-02-27,658.7511834922517
789,2014-02-28,662.1295159573131
790,2014-03-01,667.6378626922334
791,2014-03-02,672.5614396701943
792,2014-03-03,673.0491064350134
793,2014-03-04,675.4353212983171
794,2014-03-05,681.4730571473738
795,2014-03-06,684.9868626695825
796,2014-03-07,685.5670117103308
797,2014-03-08,690.7310471358218
798,2014-03-09,694.9586174092141
799,2014-03-10,696.5102493827582
800,2014-03-11,700.9667489637226
801,2014-03-12,708.1655303630746
802,2014-03-13,712.23615483928
803,2014-03-14,714.903485922657
804,2014-03-15,716.6733334843228
805,2014-03-16,718.3163152053131
806,2014-03-17,723.0909420371779
807,2014-03-18,724.0917121565462
808,2014-03-19,732.8983442433432
809,2014-03-20,738.9706448617036
810,2014-03-21,742.3809825816971
811,2014-03-22,744.6758476975549
812,2014-03-23,745.5775668757921
813,2014-03-24,748.3600081541902
814,2014-03-25,750.31916917709
815,2014-03-26,756.1188022378611
816,2014-03-27,761.0848263833684
817,2014-03-28,760.3411402296617
818,2014-03-29,759.7115449953415
819,2014-03-30,758.5149833518162
820,2014-03-31,755.0706471267603
821,2014-04-01,754.0792543432317
822,2014-04-02,758.7295295476531
823,2014-04-03,759.1992797118696
824,2014-04-04,755.448096219605
825,2014-04-05,757.1003646741565
826,2014-04-06,753.9523432014165
827,2014-04-07,749.6753267344525
828,2014-04-08,750.4791048494722
829,2014-04-09,755.0891299916042
830,2014-04-10,757.1810913044313
831,2014-04-11,754.0966726313017
832,2014-04-12,754.3810731839757
833,2014-04-13,758.1035131033394
834,2014-04-14,757.7429839860321
835,2014-04-15,759.7683526240534
836,2014-04-16,764.7553511970674
837,2014-04-17,766.0026274660656
838,2014-04-18,764.3576977960844
839,2014-04-19,764.5905230016382
840,2014-04-20,765.5354368162207
841,2014-04-21,764.4856055629647
842,2014-04-22,764.3336655416731
843,2014-04-23,764.583252168777
844,2014-04-24,766.8240050737124
845,2014-04-25,768.6931074316366
846,2014-04-26,768.3355002378157
847,2014-04-27,774.4359102131264
848,2014-04-28,775.0490837844418
849,2014-04-29,776.6876712949175
850,2014-04-30,779.1872069582396
851,2014-05-01,781.4988334956467
852,2014-05-02,782.6004892522891
853,2014-05-03,783.7535844526335
854,2014-05-04,785.237740379155
855,2014-05-05,785.9491721216632
856,2014-05-06,787.3435411900451
857,2014-05-07,784.2974699313531
858,2014-05-08,788.840132279311
859,2014-05-09,787.4479603161863
860,2014-05-10,789.4195565018302
861,2014-05-11,791.8399057736144
862,2014-05-12,793.5482796892184
863,2014-05-13,797.1290629459171
864,2014-05-14,802.1806156424673
865,2014-05-15,804.7337199030395
866,2014-05-16,809.0698996579603
867,2014-05-17,810.5507712518809
868,2014-05-18,810.3757276495342
869,2014-05-19,807.0138621486169
870,2014-05-20,807.62986704114
871,2014-05-21,809.5620738861421
872,2014-05-22,810.2017712745314
873,2014-05-23,807.2121678860062
874,2014-05-24,808.5062402319256
875,2014-05-25,809.7621237173954
876,2014-05-26,809.4598518652582
877,2014-05-27,812.0950417902848
878,2014-05-28,815.2986704115447
879,2014-05-29,816.2540034881715
880,2014-05-30,815.2385104985228
881,2014-05-31,817.9850053228676
882,2014-06-01,821.3483884119521
883,2014-06-02,820.9360347912586
884,2014-06-03,821.5456975242765
885,2014-06-04,823.7643661237917
886,2014-06-05,827.945910439631
887,2014-06-06,824.5037939704022
888,2014-06-07,828.2176493238641
889,2014-06-08,830.0502842646329
890,2014-06-09,832.4599424675366
891,2014-06-10,831.9305986545396
892,2014-06-11,834.7541507168739
893,2014-06-12,835.9568053636383
894,2014-06-13,841.3715825952856
895,2014-06-14,843.3156356882208
896,2014-06-15,845.2606627556514
897,2014-06-16,845.6860404539005
898,2014-06-17,848.6562323042257
899,2014-06-18,850.6108179120536
900,2014-06-19,851.9202699947734
901,2014-06-20,854.4435208045313
902,2014-06-21,854.4412557475652
903,2014-06-22,854.4337584090069
904,2014-06-23,853.219959681969
905,2014-06-24,851.0827198803881
906,2014-06-25,851.0475661962728
907,2014-06-26,852.4806677387767
908,2014-06-27,858.2382613422557
909,2014-06-28,859.5985413032968
910,2014-06-29,862.2794627284705
911,2014-06-30,859.4937371174714
912,2014-07-01,858.8537905728158
913,2014-07-02,859.3539831026578
914,2014-07-03,860.9878366440744
915,2014-07-04,861.8189766472456
916,2014-07-05,863.6567079661882
917,2014-07-06,858.4029989354062
918,2014-07-07,850.0435570454428
919,2014-07-08,848.3216154386113
920,2014-07-09,851.5353915150795
921,2014-07-10,853.7001744093694
922,2014-07-11,855.5277809236732
923,2014-07-12,857.4081859158588
924,2014-07-13,858.6839566014917
925,2014-07-14,857.0002038551099
926,2014-07-15,854.4145507259336
927,2014-07-16,854.7555097510532
928,2014-07-17,854.0045527644851
929,2014-07-18,856.5544179935955
930,2014-07-19,854.8659539287244
931,2014-07-20,855.5900020385344
932,2014-07-21,854.0300120047849
933,2014-07-22,851.6384969081803
934,2014-07-23,851.1483385806985
935,2014-07-24,850.9870665247062
936,2014-07-25,853.365308387489
937,2014-07-26,850.532492242163
938,2014-07-27,855.058732927116
939,2014-07-28,853.4052186912331
940,2014-07-29,853.3562481596243
941,2014-07-30,850.9774173820301
942,2014-07-31,852.6411017236915
943,2014-08-01,852.8135178599572
944,2014-08-02,854.2064146413111
945,2014-08-03,854.0990962422534
946,2014-08-04,850.701216335574
947,2014-08-05,846.8526580443332
948,2014-08-06,848.0080636027828
949,2014-08-07,841.2504020475948
950,2014-08-08,841.5398083761639
951,2014-08-09,842.2472762689814
952,2014-08-10,841.758680830806
953,2014-08-11,838.9400439420884
954,2014-08-12,835.7894176538374
955,2014-08-13,834.2676617816772
956,2014-08-14,836.3539378015192
957,2014-08-15,834.3555459919652
958,2014-08-16,833.2634940768594
959,2014-08-17,830.7994065550585
960,2014-08-18,829.7118394527458
961,2014-08-19,828.7695304536743
962,2014-08-20,827.4899544723385
963,2014-08-21,825.6455638859154
964,2014-08-22,823.8176402636362
965,2014-08-23,820.2310131599646
966,2014-08-24,812.6814876893992
967,2014-08-25,804.78325669889
968,2014-08-26,800.0253006862963
969,2014-08-27,803.7187705270628
970,2014-08-28,804.0197059955898
971,2014-08-29,801.2333461686402
972,2014-08-30,796.7644114249314
973,2014-08-31,795.9633513782712
974,2014-09-01,791.0449160796236
975,2014-09-02,787.2652381707244
976,2014-09-03,784.73036761873
977,2014-09-04,785.7443883213507
978,2014-09-05,786.6882828602984
979,2014-09-06,783.5133298602304
980,2014-09-07,782.1333212530138
981,2014-09-08,784.1138191125351
982,2014-09-09,785.6574554349886
983,2014-09-10,789.1100138168318
984,2014-09-11,791.9617658383952
985,2014-09-12,794.0153797367847
986,2014-09-13,795.0388683775238
987,2014-09-14,796.0891299916034
988,2014-09-15,796.9636911368162
989,2014-09-16,794.2019071779497
990,2014-09-17,795.5677138779881
991,2014-09-18,796.3770866837141
992,2014-09-19,797.3926023239327
993,2014-09-20,794.7830754943328
994,2014-09-21,793.4271897438063
995,2014-09-22,788.1609549480013
996,2014-09-23,782.6424834084421
997,2014-09-24,784.3173571315162
998,2014-09-25,785.5668531563412
999,2014-09-26,785.2961335477432
1000,2014-09-27,791.775510204066
1001,2014-09-28,791.6801060046503
1002,2014-09-29,786.5013703594489
1003,2014-09-30,784.4016625517977
1004,2014-10-01,786.6977960995562
1005,2014-10-02,786.6621894040478
1006,2014-10-03,788.4348003352127
1007,2014-10-04,785.379329090111
1008,2014-10-05,785.4958436204515
1009,2014-10-06,781.629436680317
1010,2014-10-07,777.5182676844167
1011,2014-10-08,776.8191125506653
1012,2014-10-09,773.1923486375529
1013,2014-10-10,771.2800742938532
1014,2014-10-11,769.2088609028364
1015,2014-10-12,768.9335205780272
1016,2014-10-13,766.3852635393628
1017,2014-10-14,767.0027180683443
1018,2014-10-15,769.8336089152489
1019,2014-10-16,769.3194636344949
1020,2014-10-17,770.233459421489
1021,2014-10-18,771.9056377267734
1022,2014-10-19,772.9651634238446
1023,2014-10-20,771.2704025006076
1024,2014-10-21,767.1851457564005
1025,2014-10-22,768.9963079571298
1026,2014-10-23,772.7802215225561
1027,2014-10-24,774.9065437495599
1028,2014-10-25,775.2080228317587
1029,2014-10-26,774.4576094588625
1030,2014-10-27,776.5247004462008
1031,2014-10-28,774.6038415365991
1032,2014-10-29,773.3196674896219
1033,2014-10-30,772.8040046207007
1034,2014-10-31,769.1777390201212
1035,2014-11-01,764.8272667557438
1036,2014-11-02,767.1696754173215
1037,2014-11-03,763.7175926974412
1038,2014-11-04,754.9910530249684
1039,2014-11-05,747.1136605585482
1040,2014-11-06,739.5064893881934
1041,2014-11-07,732.8501891322422
1042,2014-11-08,723.3954336451419
1043,2014-11-09,716.2056218713759
1044,2014-11-10,707.3250356746331
1045,2014-11-11,702.0269541778838
1046,2014-11-12,702.1387573897343
1047,2014-11-13,698.4303834741304
1048,2014-11-14,693.8434619130533
1049,2014-11-15,687.3930779858977
1050,2014-11-16,684.3661464585698
1051,2014-11-17,677.2614328750234
1052,2014-11-18,670.8180706244628
1053,2014-11-19,669.9621735486514
1054,2014-11-20,667.2186459489324
1055,2014-11-21,665.2677976850985
1056,2014-11-22,663.2110127069565
1057,2014-11-23,662.5309293528601
1058,2014-11-24,660.0972841966845
1059,2014-11-25,658.7987043874023
1060,2014-11-26,662.1158123626678
1061,2014-11-27,667.7671294932934
1062,2014-11-28,668.5976352805142
1063,2014-11-29,673.7670615415844
1064,2014-11-30,682.2532333688056
1065,2014-12-01,683.86781127544
1066,2014-12-02,680.6959614034157
1067,2014-12-03,683.5150739540964
1068,2014-12-04,684.3781059593513
1069,2014-12-05,686.575641577372
1070,2014-12-06,690.9733855806337
1071,2014-12-07,680.0019705995471
1072,2014-12-08,678.1737751704319
1073,2014-12-09,678.5197399714468
1074,2014-12-10,685.2402319418197
1075,2014-12-11,691.3381503544678
1076,2014-12-12,695.0766042265825
1077,2014-12-13,697.0669550839065
1078,2014-12-14,698.4431583954198
1079,2014-12-15,694.9595460825702
1080,2014-12-16,689.3798953543544
1081,2014-12-17,686.5277129719676
1082,2014-12-18,685.2093818659404
1083,2014-12-19,682.6175224806767
1084,2014-12-20,675.1309655937713
1085,2014-12-21,667.4851299010038
1086,2014-12-22,662.2811388706294
1087,2014-12-23,649.3313778341396
1088,2014-12-24,641.6615551881002
1089,2014-12-25,636.8623977892918
1090,2014-12-26,630.9036218260763
1091,2014-12-27,629.4839294208124
1092,2014-12-28,624.5376339214807
1093,2014-12-29,621.7630976918946
1094,2014-12-30,619.5802622935843
1095,2014-12-31,624.5296382703901
1096,2015-01-01,625.3466443180922
1097,2015-01-02,623.5260594803835
1098,2015-01-03,625.6765498652168
1099,2015-01-04,624.6526308636539
1100,2015-01-05,625.8402455321627
1101,2015-01-06,626.8852748646503
1102,2015-01-07,633.1884300890042
1103,2015-01-08,642.23022039003
1104,2015-01-09,647.9135654261576
1105,2015-01-10,651.7211035357409
1106,2015-01-11,653.5649505084923
1107,2015-01-12,654.2691340687088
1108,2015-01-13,653.850959251612
1109,2015-01-14,658.6645903644345
1110,2015-01-15,663.2585789032462
1111,2015-01-16,664.8437337198899
1112,2015-01-17,666.8739495798186
1113,2015-01-18,669.4675304083765
1114,2015-01-19,668.1457337651908
1115,2015-01-20,662.9901470021839
1116,2015-01-21,663.6977507984195
1117,2015-01-22,667.1034904527716
1118,2015-01-23,666.0818818093142
1119,2015-01-24,668.5938299848108
1120,2015-01-25,668.3364515617435
1121,2015-01-26,662.0952003442756
1122,2015-01-27,670.2349090579495
1123,2015-01-28,670.7903010260575
1124,2015-01-29,671.243720129548
1125,2015-01-30,665.6565267616347
1126,2015-01-31,661.1743187841043
1127,2015-02-01,656.6542390540991
1128,2015-02-02,646.5264898412066
1129,2015-02-03,637.1150648938693
1130,2015-02-04,625.7178418537102
1131,2015-02-05,618.4524677795524
1132,2015-02-06,612.2002536863681
1133,2015-02-07,606.6368887177392
1134,2015-02-08,599.1731409544831
1135,2015-02-09,590.9047543545604
1136,2015-02-10,586.3642438107202
1137,2015-02-11,583.1504903848216
1138,2015-02-12,578.8688079005071
1139,2015-02-13,573.5248363496229
1140,2015-02-14,569.8883100409861
1141,2015-02-15,569.8763958413441
1142,2015-02-16,568.1306031846589
1143,2015-02-17,568.6353937801423
1144,2015-02-18,573.1707399940997
1145,2015-02-19,577.8117058143897
1146,2015-02-20,582.6778182971186
1147,2015-02-21,588.3909488323515
1148,2015-02-22,594.2675485288337
1149,2015-02-23,598.3646968221133
1150,2015-02-24,607.3962037645126
1151,2015-02-25,618.4450383927033
1152,2015-02-26,629.1615665133852
1153,2015-02-27,635.0218124985718
1154,2015-02-28,635.9186618043317
1155,2015-03-01,638.6104555029432
1156,2015-03-02,641.925615529218
1157,2015-03-03,646.676504564077
1158,2015-03-04,655.9808602686227
1159,2015-03-05,662.3304491607831
1160,2015-03-06,667.7663140727857
1161,2015-03-07,667.6759836009742
1162,2015-03-08,671.7992253505042
1163,2015-03-09,678.0845772271038
1164,2015-03-10,684.8364175858886
1165,2015-03-11,692.6242043987269
1166,2015-03-12,699.1194364538129
1167,2015-03-13,705.5897075811317
1168,2015-03-14,708.5808965095332
1169,2015-03-15,713.6827561213022
1170,2015-03-16,713.5413486149034
1171,2015-03-17,710.9662959523291
1172,2015-03-18,711.953770187306
1173,2015-03-19,714.4226596298755
1174,2015-03-20,714.1428344922732
1175,2015-03-21,712.375274638143
1176,2015-03-22,715.2287934041399
1177,2015-03-23,712.9778477428566
1178,2015-03-24,709.2334367709207
1179,2015-03-25,710.4583795782323
1180,2015-03-26,707.2396883281474
1181,2015-03-27,711.466284627044
1182,2015-03-28,712.5628666560821
1183,2015-03-29,711.2043307889052
1184,2015-03-30,706.3867811275314
1185,2015-03-31,704.307232326879
1186,2015-04-01,704.1363790799198
1187,2015-04-02,703.494643140261
1188,2015-04-03,700.4601916238055
1189,2015-04-04,698.8601327323244
1190,2015-04-05,701.1312374006067
1191,2015-04-06,696.2103558404356
1192,2015-04-07,699.0166255181178
1193,2015-04-08,702.2372420666239
1194,2015-04-09,704.8212190536451
1195,2015-04-10,709.518947201508
1196,2015-04-11,713.5168859996688
1197,2015-04-12,713.0596389499054
1198,2015-04-13,713.2246710004616
1199,2015-04-14,717.8390450519688
1200,2015-04-15,722.7214885954238
1201,2015-04-16,725.3035402840237
1202,2015-04-17,726.3306530159089
1203,2015-04-18,724.8048200412096
1204,2015-04-19,724.4844503839128
1205,2015-04-20,724.976669913234
1206,2015-04-21,722.9337470837248
1207,2015-04-22,723.8868830550945
1208,2015-04-23,725.4281863688727
1209,2015-04-24,726.6616684409468
1210,2015-04-25,729.6235475322059
1211,2015-04-26,731.1659154227584
1212,2015-04-27,736.7867448866192
1213,2015-04-28,741.2567442071021
1214,2015-04-29,746.5234546648701
1215,2015-04-30,750.23878230536
1216,2015-05-01,751.2858954902565
1217,2015-05-02,753.0701941153669
1218,2015-05-03,750.4224557747478
1219,2015-05-04,749.0292192348488
1220,2015-05-05,749.3592606853913
1221,2015-05-06,752.4757752157317
1222,2015-05-07,748.5248363496192
1223,2015-05-08,750.9650954721361
1224,2015-05-09,752.1324605313673
1225,2015-05-10,755.7529955378226
1226,2015-05-11,758.4689573942634
1227,2015-05-12,758.8442093818509
1228,2015-05-13,762.6379079933708
1229,2015-05-14,767.4039276087642
1230,2015-05-15,768.4786291875088
1231,2015-05-16,768.980158100961
1232,2015-05-17,766.6442728034457
1233,2015-05-18,764.0185734671076
1234,2015-05-19,763.2829962173396
1235,2015-05-20,764.0150399782402
1236,2015-05-21,764.5782237423119
1237,2015-05-22,762.2179211307013
1238,2015-05-23,763.461482706275
1239,2015-05-24,763.004666017335
1240,2015-05-25,763.6054950281849
1241,2015-05-26,761.2029038030155
1242,2015-05-27,765.9848920700204
1243,2015-05-28,764.2625201023653
1244,2015-05-29,765.5064214364838
1245,2015-05-30,767.420689030314
1246,2015-05-31,765.0999569639024
1247,2015-06-01,763.873451267284
1248,2015-06-02,766.777073093373
1249,2015-06-03,767.2904029536189
1250,2015-06-04,765.6463566558547
1251,2015-06-05,765.2690887675673
1252,2015-06-06,761.8247072413719
1253,2015-06-07,761.7290085845507
1254,2015-06-08,761.4810527984628
1255,2015-06-09,758.9250266144043
1256,2015-06-10,757.1594826609739
1257,2015-06-11,762.3137783415102
1258,2015-06-12,768.0242587600926
1259,2015-06-13,770.7453169947071
1260,2015-06-14,772.6075109288845
1261,2015-06-15,772.4792634034593
1262,2015-06-16,770.9322521461262
1263,2015-06-17,771.8678565765775
1264,2015-06-18,773.1242610251494
1265,2015-06-19,772.8512310584457
1266,2015-06-20,770.4313574486245
1267,2015-06-21,772.9450270674154
1268,2015-06-22,769.6432761783805
1269,2015-06-23,769.8001766744283
1270,2015-06-24,771.3491358807521
1271,2015-06-25,769.3811184851146
1272,2015-06-26,765.5806926544051
1273,2015-06-27,769.4206210786049
1274,2015-06-28,768.4800108722582
1275,2015-06-29,766.3111508754292
1276,2015-06-30,764.0104419125988
1277,2015-07-01,764.559310516644
1278,2015-07-02,763.6288930666454
1279,2015-07-03,764.1420870234734
1280,2015-07-04,762.6327210129184
1281,2015-07-05,761.8899861831374
1282,2015-07-06,762.5082108314872
1283,2015-07-07,757.6144873043406
1284,2015-07-08,759.8649799542309
1285,2015-07-09,764.5216426192967
1286,2015-07-10,767.7144442682579
1287,2015-07-11,768.7126548732548
1288,2015-07-12,772.0429681306332
1289,2015-07-13,771.0379170535986
1290,2015-07-14,771.2566989059621
1291,2015-07-15,774.7769371899551
1292,2015-07-16,776.1372171509959
1293,2015-07-17,778.5550295589779
1294,2015-07-18,781.7270379849898
1295,2015-07-19,782.4083444698479
1296,2015-07-20,782.3080250968156
1297,2015-07-21,783.3226347142474
1298,2015-07-22,783.207456567517
1299,2015-07-23,784.9904641101568
1300,2015-07-24,788.0003171079597
1301,2015-07-25,788.6057668350202
1302,2015-07-26,787.6879884028928
1303,2015-07-27,789.6417132890734
1304,2015-07-28,789.4719019683189
1305,2015-07-29,790.9632834265624
1306,2015-07-30,796.9675643842284
1307,2015-07-31,803.6112482728784
1308,2015-08-01,805.5288681510178
1309,2015-08-02,806.1181227207704
1310,2015-08-03,805.4721284740152
1311,2015-08-04,804.3371990305396
1312,2015-08-05,803.3154771342339
1313,2015-08-06,805.4475299553623
1314,2015-08-07,802.9009490588527
1315,2015-08-08,803.4894335092367
1316,2015-08-09,799.7796552583138
1317,2015-08-10,800.1358354662461
1318,2015-08-11,797.954812113509
1319,2015-08-12,798.4887992932862
1320,2015-08-13,797.8799293302069
1321,2015-08-14,799.2078869283404
1322,2015-08-15,800.493850370321
1323,2015-08-16,802.3882534145573
1324,2015-08-17,802.4745067838296
1325,2015-08-18,802.0200910552742
1326,2015-08-19,802.8768715033024
1327,2015-08-20,801.3456703435933
1328,2015-08-21,798.661419284679
1329,2015-08-22,798.2174454687379
1330,2015-08-23,796.9491947722328
1331,2015-08-24,793.092844685028
1332,2015-08-25,789.524338037086
1333,2015-08-26,785.3876644997466
1334,2015-08-27,790.6635937393669
1335,2015-08-28,789.9055471244943
1336,2015-08-29,784.944574056022
1337,2015-08-30,784.0913723980002
1338,2015-08-31,780.4291150422277
1339,2015-09-01,778.4993997598885
1340,2015-09-02,777.5190151532156
1341,2015-09-03,778.5650184601989
1342,2015-09-04,778.7565743278287
1343,2015-09-05,779.8903712428211
1344,2015-09-06,775.2848309134821
1345,2015-09-07,771.8324537361962
1346,2015-09-08,771.4161589163814
1347,2015-09-09,772.6863802124469
1348,2015-09-10,771.3819112550527
1349,2015-09-11,771.7006047701947
1350,2015-09-12,769.1849192507038
1351,2015-09-13,767.4575415071535
1352,2015-09-14,763.7021450089317
1353,2015-09-15,763.3826134227124
1354,2015-09-16,763.6379759450799
1355,2015-09-17,764.1489048449415
1356,2015-09-18,763.3536659946845
1357,2015-09-19,759.4244943260173
1358,2015-09-20,755.5040204760999
1359,2015-09-21,754.4509501913823
1360,2015-09-22,753.3845160705642
1361,2015-09-23,754.1127998369009
1362,2015-09-24,750.2648984121802
1363,2015-09-25,747.9812226777356
1364,2015-09-26,743.9625812589037
1365,2015-09-27,746.0357652494813
1366,2015-09-28,745.2540714398818
1367,2015-09-29,747.7309338829723
1368,2015-09-30,749.8827153502762
1369,2015-10-01,749.1540238736856
1370,2015-10-02,753.9303721488444
1371,2015-10-03,757.3617069469146
1372,2015-10-04,758.2148180026577
1373,2015-10-05,755.3881628122797
1374,2015-10-06,752.2539581870335
1375,2015-10-07,743.0981675688996
1376,2015-10-08,740.5327866995708
1377,2015-10-09,739.2136401730355
1378,2015-10-10,738.3682756121169
1379,2015-10-11,739.52413418196
1380,2015-10-12,739.7277175020805
1381,2015-10-13,739.8872001630695
1382,2015-10-14,741.5357539241966
1383,2015-10-15,743.711998006735
1384,2015-10-16,747.51541371264
1385,2015-10-17,747.3604611655835
1386,2015-10-18,747.9485379057135
1387,2015-10-19,750.6687580692504
1388,2015-10-20,749.2151124600634
1389,2015-10-21,749.7049536795702
1390,2015-10-22,749.4719019683196
1391,2015-10-23,751.838184330321
1392,2015-10-24,752.2404810980846
1393,2015-10-25,749.2459398853732
1394,2015-10-26,745.5699562843856
1395,2015-10-27,752.089152642174
1396,2015-10-28,756.4403044236412
1397,2015-10-29,753.6617363926553
1398,2015-10-30,749.9072232666501
1399,2015-10-31,747.8944030442216
1400,2015-11-01,746.3695440440179
1401,2015-11-02,742.6027996103953
1402,2015-11-03,736.3751387347246
1403,2015-11-04,734.0181204557148
1404,2015-11-05,728.0590273845244
1405,2015-11-06,719.9736800380388
1406,2015-11-07,713.1983283879448
1407,2015-11-08,706.880971256413
1408,2015-11-09,701.8387279439938
1409,2015-11-10,698.2445128994855
1410,2015-11-11,693.4869419465764
1411,2015-11-12,687.8532469591474
1412,2015-11-13,680.1944324899636
1413,2015-11-14,677.096287571619
1414,2015-11-15,674.1568551948949
1415,2015-11-16,670.5513148655555
1416,2015-11-17,667.0048019207551
1417,2015-11-18,666.9370087657574
1418,2015-11-19,664.2576502298901
1419,2015-11-20,659.8434392624845
1420,2015-11-21,659.6719291490051
1421,2015-11-22,655.5584724455689
1422,2015-11-23,654.5790391628219
1423,2015-11-24,652.2769711658118
1424,2015-11-25,652.3786948741632
1425,2015-11-26,652.3816847493586
1426,2015-11-27,658.8509592516122
1427,2015-11-28,659.5924483000615
1428,2015-11-29,662.2923282520424
1429,2015-11-30,671.2710820176994
1430,2015-12-01,674.7725656300122
1431,2015-12-02,678.7069016285625
1432,2015-12-03,683.928492151564
1433,2015-12-04,685.9484699540058
1434,2015-12-05,687.5447235497836
1435,2015-12-06,687.2753856259349
1436,2015-12-07,679.9299644385922
1437,2015-12-08,683.3951844888763
1438,2015-12-09,684.6770708283178
1439,2015-12-10,686.1355636594124
1440,2015-12-11,688.4568166889261
1441,2015-12-12,691.3507893723389
1442,2015-12-13,689.9169177104667
1443,2015-12-14,688.2435842261295
1444,2015-12-15,690.1924618904028
1445,2015-12-16,694.0437609005728
1446,2015-12-17,694.0713039932816
1447,2015-12-18,691.2390088110578
1448,2015-12-19,688.5144397381458
1449,2015-12-20,682.0188452739451
1450,2015-12-21,676.0379850053095
1451,2015-12-22,671.3039479942787
1452,2015-12-23,669.6794717887021
1453,2015-12-24,669.1397540148001
1454,2015-12-25,663.5543953430298
1455,2015-12-26,658.8894652200371
1456,2015-12-27,656.5302951369096
1457,2015-12-28,651.2269134068592
1458,2015-12-29,645.8425105891284
1459,2015-12-30,642.0421300595582
1460,2015-12-31,636.9637817390981
1461,2016-01-01,634.6594713356914
1462,2016-01-02,631.6588144691714
1463,2016-01-03,627.8678565765805
1464,2016-01-04,623.9284015492866
1465,2016-01-05,620.8754671679868
1466,2016-01-06,622.283970191838
1467,2016-01-07,620.5592878660775
1468,2016-01-08,622.0492196878628
1469,2016-01-09,624.3563614124771
1470,2016-01-10,629.0209064757853
1471,2016-01-11,632.5087544451617
1472,2016-01-12,635.7982060748702
1473,2016-01-13,639.1853269609604
1474,2016-01-14,644.2014088654203
1475,2016-01-15,650.2035153683986
1476,2016-01-16,653.9518448888858
1477,2016-01-17,658.1562662800839
1478,2016-01-18,662.5084146866162
1479,2016-01-19,666.2060522322004
1480,2016-01-20,666.2680468413648
1481,2016-01-21,668.3909261817802
1482,2016-01-22,667.6606491653133
1483,2016-01-23,662.6692790323544
1484,2016-01-24,659.2192575143133
1485,2016-01-25,652.8540397290863
1486,2016-01-26,649.0561054610394
1487,2016-01-27,655.0491970372924
1488,2016-01-28,653.7244105189116
1489,2016-01-29,653.5801263901657
1490,2016-01-30,654.6939908038556
1491,2016-01-31,652.0289021268756
1492,2016-02-01,648.5897302317024
1493,2016-02-02,649.3920587102637
1494,2016-02-03,653.7693265985511
1495,2016-02-04,654.8352171056972
1496,2016-02-05,650.9045958005714
1497,2016-02-06,648.9675417336617
1498,2016-02-07,646.9640082447945
1499,2016-02-08,645.0771025391159
1500,2016-02-09,646.1952705610419
1501,2016-02-10,647.3978799066668
1502,2016-02-11,644.615891639662
1503,2016-02-12,640.8866791999691
1504,2016-02-13,637.2442637432205
1505,2016-02-14,635.0439647557009
1506,2016-02-15,632.4602142743763
1507,2016-02-16,630.0513488414108
1508,2016-02-17,633.2081134340402
1509,2016-02-18,635.5439534304161
1510,2016-02-19,636.0961516682017
1511,2016-02-20,638.1859611769108
1512,2016-02-21,637.9376203311386
1513,2016-02-22,637.3654669414808
1514,2016-02-23,642.5401707852825
1515,2016-02-24,648.4535323563259
1516,2016-02-25,654.4022967677507
1517,2016-02-26,657.6649301229794
1518,2016-02-27,666.9014020702488
1519,2016-02-28,671.0024462615102
1520,2016-02-29,675.8235294117512
1521,2016-03-01,680.176379985943
1522,2016-03-02,687.3535300912681
1523,2016-03-03,692.5088450474392
1524,2016-03-04,695.6078506874309
1525,2016-03-05,697.7099368048968
1526,2016-03-06,697.7394278465964
1527,2016-03-07,697.4376996081313
1528,2016-03-08,700.8330426510087
1529,2016-03-09,704.0298534508004
1530,2016-03-10,706.8421028788734
1531,2016-03-11,705.7566196289697
1532,2016-03-12,705.0242134589544
1533,2016-03-13,703.4366576819266
1534,2016-03-14,705.3838592040449
1535,2016-03-15,706.142132324614
1536,2016-03-16,709.2535504767803
1537,2016-03-17,711.5976352805133
1538,2016-03-18,713.3169041201244
1539,2016-03-19,712.2900178939358
1540,2016-03-20,711.3393281840898
1541,2016-03-21,705.2251693129941
1542,2016-03-22,704.981313280015
1543,2016-03-23,706.6347369136192
1544,2016-03-24,706.3266665156488
1545,2016-03-25,704.8429409499508
1546,2016-03-26,704.1529592969123
1547,2016-03-27,706.2607986590723
1548,2016-03-28,703.0540216086295
1549,2016-03-29,700.6047702099568
1550,2016-03-30,698.8381163786131
1551,2016-03-31,696.8777322249516
1552,2016-04-01,697.4175859022716
1553,2016-04-02,701.3164511087315
1554,2016-04-03,701.1587125416065
1555,2016-04-04,700.2472309678449
1556,2016-04-05,703.1679313234588
1557,2016-04-06,701.9155813268563
1558,2016-04-07,701.9240979410491
1559,2016-04-08,699.1468889442431
1560,2016-04-09,699.3350245758543
1561,2016-04-10,699.4699540193297
1562,2016-04-11,697.9368728623386
1563,2016-04-12,698.3412987836505
1564,2016-04-13,701.2530295136783
1565,2016-04-14,701.7651135925929
1566,2016-04-15,702.3535074406983
1567,2016-04-16,702.0518245033725
1568,2016-04-17,704.4428186368747
1569,2016-04-18,702.4342793721121
1570,2016-04-19,702.7759858660305
1571,2016-04-20,703.7712065958319
1572,2016-04-21,704.3709483793377
1573,2016-04-22,704.6974789915827
1574,2016-04-23,704.7905501823229
1575,2016-04-24,706.5201023805608
1576,2016-04-25,706.7492581938295
1577,2016-04-26,708.9949715735211
1578,2016-04-27,713.7323608688616
1579,2016-04-28,714.1252576502156
1580,2016-04-29,715.625835239742
1581,2016-04-30,718.0239869532576
1582,2016-05-01,719.2956125846423
1583,2016-05-02,719.3933950938724
1584,2016-05-03,722.1225395818561
1585,2016-05-04,721.2263244920467
1586,2016-05-05,721.7593376973288
1587,2016-05-06,724.7413531450171
1588,2016-05-07,723.6267412625283
1589,2016-05-08,725.1701737298549
1590,2016-05-09,726.8529072006017
1591,2016-05-10,727.787447054279
1592,2016-05-11,734.0687671294788
1593,2016-05-12,737.9099639855795
1594,2016-05-13,742.2785567056864
1595,2016-05-14,747.6078280368603
1596,2016-05-15,752.1130942943066
1597,2016-05-16,754.6549185711871
1598,2016-05-17,756.2667557588925
1599,2016-05-18,757.7786586332495
1600,2016-05-19,759.7516591542126
1601,2016-05-20,762.3624544157134
1602,2016-05-21,767.2006613966189
1603,2016-05-22,769.1450995492385
1604,2016-05-23,769.549072459157
1605,2016-05-24,773.6144646537707
1606,2016-05-25,775.5039525243905
1607,2016-05-26,772.7622369702444
1608,2016-05-27,775.6222111485949
1609,2016-05-28,780.0661170128274
1610,2016-05-29,782.3253074814677
1611,2016-05-30,782.4456273075111
1612,2016-05-31,782.5078484223721
1613,2016-06-01,786.4919477224696
1614,2016-06-02,788.9545403066732
1615,2016-06-03,790.7324741217084
1616,2016-06-04,791.2246710004599
1617,2016-06-05,789.7664952773405
1618,2016-06-06,788.060499671551
1619,2016-06-07,788.7659063625292
1620,2016-06-08,791.7719314140593
1621,2016-06-09,790.3825228204333
1622,2016-06-10,788.3040385965551
1623,2016-06-11,791.8169833971167
1624,2016-06-12,790.7836870597138
1625,2016-06-13,792.6181566966252
1626,2016-06-14,794.8621259824527
1627,2016-06-15,797.1112369475934
1628,2016-06-16,800.4295001019117
1629,2016-06-17,799.7205372714964
1630,2016-06-18,801.0885863779314
1631,2016-06-19,801.7654760017056
1632,2016-06-20,797.6586106140411
1633,2016-06-21,796.5276223696867
1634,2016-06-22,795.8466782939431
1635,2016-06-23,794.9270425151035
1636,2016-06-24,794.3172665292375
1637,2016-06-25,793.6323359532335
1638,2016-06-26,792.1144759790552
1639,2016-06-27,793.3143672563207
1640,2016-06-28,792.452513080688
1641,2016-06-29,792.947224172672
1642,2016-06-30,792.982808217611
1643,2016-07-01,790.6823937121861
1644,2016-07-02,791.0520283584976
1645,2016-07-03,790.7437994065394
1646,2016-07-04,788.955015968636
1647,2016-07-05,783.2426102516322
1648,2016-07-06,781.7708668372854
1649,2016-07-07,782.1282022242704
1650,2016-07-08,784.3214115834858
1651,2016-07-09,785.3304491607809
1652,2016-07-10,786.9262497451655
1653,2016-07-11,784.8386826428527
1654,2016-07-12,785.0023330086595
1655,2016-07-13,785.3770413825752
1656,2016-07-14,785.1918050238808
1657,2016-07-15,788.4484812792884
1658,2016-07-16,792.9337470837233
1659,2016-07-17,792.7676731069629
1660,2016-07-18,793.4582889759521
1661,2016-07-19,792.9634193299804
1662,2016-07-20,792.3767922263088
1663,2016-07-21,792.6597204919548
1664,2016-07-22,792.51267299371
1665,2016-07-23,790.9096242270334
1666,2016-07-24,792.0212915354665
1667,2016-07-25,793.1093569503115
1668,2016-07-26,794.081655303615
1669,2016-07-27,799.0133185349453
1670,2016-07-28,801.2493601213912
1671,2016-07-29,803.0401594599946
1672,2016-07-30,804.609368275596
1673,2016-07-31,809.5276903213955
1674,2016-08-01,809.1934585154657
1675,2016-08-02,809.3708124759178
1676,2016-08-03,809.9194319236968
1677,2016-08-04,806.5741013386328
1678,2016-08-05,807.7703458741826
1679,2016-08-06,806.0902625200864
1680,2016-08-07,802.5370903078052
1681,2016-08-08,800.9821060499513
1682,2016-08-09,799.0918933611023
1683,2016-08-10,801.042265962973
1684,2016-08-11,799.878094634064
1685,2016-08-12,800.485605562964
1686,2016-08-13,802.0225373167976
1687,2016-08-14,800.8859543817368
1688,2016-08-15,799.8772339124171
1689,2016-08-16,798.9330902172031
1690,2016-08-17,798.3102901537815
1691,2016-08-18,797.2021789847856
1692,2016-08-19,795.4539853677161
1693,2016-08-20,793.8710050057601
1694,2016-08-21,793.8309814491677
1695,2016-08-22,792.5651317130469
1696,2016-08-23,789.6129017644637
1697,2016-08-24,788.9869985729985
1698,2016-08-25,793.8241409771298
1699,2016-08-26,793.4883236313235
1700,2016-08-27,794.7717728600717
1701,2016-08-28,792.3950032843169
1702,2016-08-29,789.221726426404
1703,2016-08-30,786.8482864843895
1704,2016-08-31,787.641079073123
1705,2016-09-01,789.0495820969741
1706,2016-09-02,791.7072413871051
1707,2016-09-03,795.6464472581326
1708,2016-09-04,794.4938277197514
1709,2016-09-05,790.5294570658295
1710,2016-09-06,789.8336995175272
1711,2016-09-07,788.0257989988293
1712,2016-09-08,786.2595981788786
1713,2016-09-09,786.1002287707379
1714,2016-09-10,784.194794899076
1715,2016-09-11,783.3700423565496
1716,2016-09-12,781.2475707263881
1717,2016-09-13,780.4365444290768
1718,2016-09-14,780.6532197784619
1719,2016-09-15,781.5343722394463
1720,2016-09-16,781.1079752655625
1721,2016-09-17,777.03646741714
1722,2016-09-18,774.5900246891056
1723,2016-09-19,770.4678022152104
1724,2016-09-20,765.1731636050496
1725,2016-09-21,761.9479942920414
1726,2016-09-22,758.6977734489872
1727,2016-09-23,756.8364175858871
1728,2016-09-24,758.987134476417
1729,2016-09-25,757.2282497904672
1730,2016-09-26,754.4295454030519
1731,2016-09-27,755.5797413304795
1732,2016-09-28,753.4297266076092
1733,2016-09-29,753.1311241477573
1734,2016-09-30,752.0863213209664
1735,2016-10-01,753.6356202858353
1736,2016-10-02,752.0807719313991
1737,2016-10-03,747.0371922353698
1738,2016-10-04,743.4833858071382
1739,2016-10-05,742.472219076295
1740,2016-10-06,738.4697501642021
1741,2016-10-07,735.9644159550467
1742,2016-10-08,736.7743097238749
1743,2016-10-09,736.2344786971246
1744,2016-10-10,737.0334095902366
1745,2016-10-11,737.5106570930113
1746,2016-10-12,739.4021382137613
1747,2016-10-13,742.9852091779961
1748,2016-10-14,747.708849577552
1749,2016-10-15,748.8400190264637
1750,2016-10-16,750.72103558403
1751,2016-10-17,748.5039751749607
1752,2016-10-18,749.437518403573
1753,2016-10-19,754.6886452694135
1754,2016-10-20,759.1304672812371
1755,2016-10-21,762.1557453169795
1756,2016-10-22,761.835488912531
1757,2016-10-23,760.0351310335303
1758,2016-10-24,755.2877301863991
1759,2016-10-25,755.1214297039421
1760,2016-10-26,757.0810890393742
1761,2016-10-27,757.840653242414
1762,2016-10-28,755.3302679562241
1763,2016-10-29,755.4153887970133
1764,2016-10-30,758.1967201974978
1765,2016-10-31,757.963351378272
1766,2016-11-01,755.134227275801
1767,2016-11-02,756.0089469750014
1768,2016-11-03,752.74447892363
1769,2016-11-04,748.308636662197
1770,2016-11-05,744.2777639357483
1771,2016-11-06,738.5954834763947
1772,2016-11-07,731.4225237264571
1773,2016-11-08,724.5006228906514
1774,2016-11-09,725.7634374504376
1775,2016-11-10,724.6771614305954
1776,2016-11-11,722.133864866687
1777,2016-11-12,721.5282112844995
1778,2016-11-13,720.9753335296238
1779,2016-11-14,716.5165688916933
1780,2016-11-15,712.9442342974784
1781,2016-11-16,712.7686697320296
1782,2016-11-17,709.6499127952927
1783,2016-11-18,707.6806722688934
1784,2016-11-19,703.9271557679538
1785,2016-11-20,700.209245962522
1786,2016-11-21,691.6545788126434
1787,2016-11-22,685.6184738046024
1788,2016-11-23,683.518041178722
1789,2016-11-24,678.7552605947905
1790,2016-11-25,672.3941652132418
1791,2016-11-26,667.9149697614762
1792,2016-11-27,664.1236494597707
1793,2016-11-28,657.5750300119918
1794,2016-11-29,656.4360687671165
1795,2016-11-30,658.4924007338653
1796,2016-12-01,656.6872862352359
1797,2016-12-02,653.4865568868928
1798,2016-12-03,648.5101814310501
1799,2016-12-04,643.113071643739
1800,2016-12-05,635.9889691725621
1801,2016-12-06,631.2807311603761
1802,2016-12-07,629.399616473585
1803,2016-12-08,627.7314760330836
1804,2016-12-09,626.2763098388846
1805,2016-12-10,625.0341178909879
1806,2016-12-11,624.0049001893934
1807,2016-12-12,623.1886567341013
1808,2016-12-13,622.5853875251114
1809,2016-12-14,622.1950925624238
1810,2016-12-15,622.0177718460386
1811,2016-12-16,622.0534253759556
1812,2016-12-17,622.302053152175
1813,2016-12-18,622.7636551746966
1814,2016-12-19,623.4382314435205
1815,2016-12-20,624.3257819586468
1816,2016-12-21,625.4263067200752
1817,2016-12-22,626.739805727806
1818,2016-12-23,628.2662789818392
1819,2016-12-24,630.0057264821745
1820,2016-12-25,631.9581482288122
1821,2016-12-26,634.1235442217522
1822,2016-12-27,636.5019144609945
1823,2016-12-28,639.0932589465391
1824,2016-12-29,641.8975776783859
1825,2016-12-30,644.9148706565351
1826,2016-12-31,648.1451378809866
